<?xml version="1.0" ?>
<project name="point" default="release" basedir=".">

	<!-- Load the properties files -->
	<property file="local.properties" />

	<!-- Input directories -->
	<property name="src-dir" value="src" />

	<!-- Output directories -->
	<property name="out-dir" value="tmp" />
	<property name="out-dir-classes" value="${out-dir}/classes" />

	<!-- Clean directories -->
	<target name="clean-dirs">
		<echo>clean-dirs..................</echo>
		<delete dir="${out-dir}" />
	</target>

	<!-- Create directories if not exist -->
	<target name="mkdirs" depends="clean-dirs">
		<echo>mkdirs.................</echo>
		<mkdir dir="${out-dir}" />
		<mkdir dir="${out-dir-classes}" />
	</target>

	<!-- Compiling the java files -->
	<target name="compile" depends="mkdirs">
		<echo>Compiling the java files.................</echo>
		<javac encoding="utf-8" target="1.6" debug="true" srcdir="${src-dir}" destdir="${out-dir-classes}" classpath="${out-dir-classes}" bootclasspath="${android-jar}">
			<classpath>
					<fileset dir="libs" includes="*.jar" />
			</classpath>
		</javac>
		<delete>
			<fileset dir="${out-dir-classes}/com/mbird/pay" includes="MainSDKActivity*.class" />
		</delete>
	 </target>

	<target name="proguard" depends="compile">
		<echo>proguard..........................</echo>
		<copydir dest="${out-dir-classes}/assets" src="assets">
		</copydir>
		<jar basedir="${out-dir-classes}" destfile="temp.jar" />
		<java jar="${proguard-dir}/lib/proguard.jar" fork="true" failonerror="true">
			<jvmarg value="-Dmaximum.inlined.code.length=32" />
			<arg value="-injars temp.jar" />
			<arg value="-outjars sdk/bannertmp-${sdk-version}.jar" />

			<arg value="-dontpreverify" />
			<arg value="-dontoptimize" />
			<arg value="-dontusemixedcaseclassnames" />
			<arg value="-allowaccessmodification" />
			<arg value="-dontskipnonpubliclibraryclassmembers" />
			<arg value="-dontskipnonpubliclibraryclasses" />
			<arg value="-libraryjars ${android-jar}" />
			<!--<arg value="-libraryjars libs/commons-codec-1.6.jar"/>-->
			<arg value="-libraryjars libs/wmqtt.jar"/>
			<!--<arg value="-libraryjars libs/wall-com.cooguo.wall-1.0.2.jar"/>-->
			<arg value="-optimizationpasses 7" />
			<arg value="-verbose" />

			<arg value="-keep public class * extends android.app.Activity" />
			<arg value="-keep public class * extends android.app.Service" />
			<arg value="-keep public class * extends android.content.BroadcastReceiver" />
			<arg value="-keep public class * extends android.content.ContentProvider" />
			<arg value="-keep public class * extends android.preference.Preference" />
			<arg value="-keep public class * extends android.app.Application" />

			<arg value="-keepclasseswithmembers class * {   native &lt;methods&gt;;	}" />

			<arg value="-keepclasseswithmembernames class * {    public &lt;init&gt;(android.content.Context, android.util.AttributeSet);	}" />

			<arg value="-keepclasseswithmembernames class * {	    public &lt;init&gt;(android.content.Context, android.util.AttributeSet, int);			}" />

			<arg value="-keepclassmembers enum * {				    public static **[] values();				    public static ** valueOf(java.lang.String);			}" />

			<arg value="-keep class com.mbird.pay.SDKManager {                &lt;fields&gt; ;		   &lt;methods&gt; ;	} " />
			<arg value="-keep class com.mbird.p.PManager {                &lt;fields&gt; ;		   &lt;methods&gt; ;	} " />
			<!-- <arg value="-keep class com.mbird.pay.util.Logger {                &lt;fields&gt; ;		   &lt;methods&gt; ;	} " /> -->
			

		</java>
		<delete file="temp.jar" />
		<delete dir="${out-dir-classes}"></delete>		
		<mkdir dir="${out-dir-classes}"/>
		<unjar src="sdk/bannertmp-${sdk-version}.jar" dest="${out-dir-classes}" ></unjar> 
		<!--<unjar dest="${out-dir-classes}" src="libs/commons-codec-1.6.jar"></unjar> -->
		<unjar dest="${out-dir-classes}" src="libs/wmqtt.jar"></unjar> 
		<!--<unjar dest="${out-dir-classes}" src="libs/alipay_msp.jar"></unjar> -->
		<!--<unjar dest="${out-dir-classes}" src="libs/TenpayServiceSDK_V5.0.jar"></unjar> -->
		<!--<unjar dest="${out-dir-classes}" src="libs/wall-com.cooguo.wall-1.0.2.jar"></unjar> -->

		<jar destfile="sdk/mbirdpay-${sdk-version}.jar" basedir="${out-dir-classes}"></jar>
		<delete file="sdk/bannertmp-${sdk-version}.jar" />		
		<delete dir="${out-dir}" />
	</target>

	<target name="release" depends="proguard">
	</target>
</project>